<f/>,<e/>,<f/>,<f/>,<e/>,<rm-3/><rpMid/>,<rpEndDel/>,<f/>,<f/>,<f/>,<f/>,<f/>,<f/>,<f/>,<f/>

<f/>,<f/>,<f/>,<f/>,<e/>,<e/>,<rm-3/><rpEndDel/>,<f/>,<f/>,<f/>,<f/>,<f/>,<f/>,<f/>

<f/>,<e/>,<e/>,<f/>,<rm-1/><rpEndSub/>,<rm-1/><rpEndDel/>,<f/>,<f/>,<f/>,<f/>,<f/>,<f/>,<f/>,<f/>,<f/>,<f/>,<f/>,<f/>

<f/>,<f/>,<f/>,<rm-3/><rpMid/>,<f/>,<rpEndSub/>,<f/>,<f/>,<f/>,<f/>,<f/>

<e/>,<f/>,<f/>,<f/>,<e/>,<rm-4/><rpMid/>,<rm-1/><rpEndSub/>,<rpEndDel/>,<f/>,<f/>,<e/>,<f/>,<rm-1/><rpEndSub/>,<rm-2/><rpEndSub/>,<rm-3/><rpEndSub/>,<f/>,<f/>,<f/>,<f/>,<f/>,<f/>

<f/>,<f/>,<f/>,<f/>,<rm-1/><rpEndSub/>,<f/>,<f/>

<f/>,<f/>,<f/>,<rm-1/><rpEndSub/>,<f/>,<f/>,<f/>,<e/>,<rm-2/><rpEndDel/>,<rm-1/><rpEndSub/>,<f/>,<f/>,<f/>,<rm-4/><rpMid/>,<rm-1/><rpEndSub/>,<rm-2/><rpEndSub/>,<f/>,<rm-4/><rpMid/>,<e/>,<f/>,<f/>,<f/>,<f/>,<rpEndDel/>,<f/>,<rm-3/><rpMid/>,<rm-1/><rpEndSub/>,<rpEndDel/>,<f/>,<f/>,<f/>,<f/>,<f/>,<f/>,<f/>



