0,$unc$a
1,$unc$airplane
2,$unc$alpha
3,$unc$alright
4,$unc$alrighty
5,$unc$angeles
6,$unc$aphasia
7,$unc$apron
8,$unc$ask
9,$unc$b
10,$unc$be
11,$unc$bible
12,$unc$boulevard
13,$unc$bowl
14,$unc$boy
15,$unc$boys
16,$unc$break
17,$unc$bush
18,$unc$button
19,$unc$c
20,$unc$cabinet
21,$unc$cabinets
22,$unc$cafe
23,$unc$california
24,$unc$call
25,$unc$christmas
26,$unc$cinderel
27,$unc$cinderella
28,$unc$city
29,$unc$clean
30,$unc$colorado
31,$unc$cookie
32,$unc$cookies
33,$unc$copy
34,$unc$copyright
35,$unc$cover
36,$unc$crabby
37,$unc$crash
38,$unc$cupboard
39,$unc$cupboards
40,$unc$cups
41,$unc$curtains
42,$unc$d
43,$unc$dementia
44,$unc$dish
45,$unc$dishes
46,$unc$dokey
47,$unc$door
48,$unc$doors
49,$unc$down
50,$unc$dress
51,$unc$dry
52,$unc$eight
53,$unc$eighteen
54,$unc$eighty
55,$unc$eleven
56,$unc$elvis
57,$unc$europe
58,$unc$f
59,$unc$fall
60,$unc$faucet
61,$unc$faucets
62,$unc$fifteen
63,$unc$fifty
64,$unc$firstname
65,$unc$five
66,$unc$floor
67,$unc$florida
68,$unc$forty
69,$unc$four
70,$unc$g
71,$unc$girl
72,$unc$god
73,$unc$grass
74,$unc$h
75,$unc$ha
76,$unc$hadta
77,$unc$haircut
78,$unc$hairdo
79,$unc$hand
80,$unc$happen
81,$unc$hee
82,$unc$hit
83,$unc$hm
84,$unc$honey
85,$unc$hundred
86,$unc$hurt
87,$unc$i
88,$unc$ii
89,$unc$jacksonville
90,$unc$jane
91,$unc$jaq
92,$unc$jar
93,$unc$jars
94,$unc$john
95,$unc$johnny
96,$unc$july
97,$unc$june
98,$unc$k
99,$unc$kitchen
100,$unc$l
101,$unc$land
102,$unc$lid
103,$unc$look
104,$unc$los
105,$unc$ly
106,$unc$m
107,$unc$madison
108,$unc$mama
109,$unc$mamas
110,$unc$march
111,$unc$mary
112,$unc$mom
113,$unc$mommy
114,$unc$moms
115,$unc$mouth
116,$unc$n
117,$unc$needta
118,$unc$new
119,$unc$nine
120,$unc$nineteen
121,$unc$ninety
122,$unc$october
123,$unc$ohio
124,$unc$okey
125,$unc$one
126,$unc$open
127,$unc$pamela
128,$unc$pass
129,$unc$pathway
130,$unc$peter
131,$unc$pick
132,$unc$plate
133,$unc$pompadour
134,$unc$quiet
135,$unc$raisin
136,$unc$remember
137,$unc$s
138,$unc$saucer
139,$unc$say
140,$unc$set
141,$unc$seven
142,$unc$seventy
143,$unc$share
144,$unc$shell
145,$unc$shoes
146,$unc$sidewalk
147,$unc$simon
148,$unc$sink
149,$unc$six
150,$unc$sixteen
151,$unc$sixty
152,$unc$slip
153,$unc$sposta
154,$unc$states
155,$unc$stool
156,$unc$stools
157,$unc$sunday
158,$unc$switch
159,$unc$t
160,$unc$tampa
161,$unc$tell
162,$unc$ten
163,$unc$thirteen
164,$unc$thirty
165,$unc$thousand
166,$unc$three
167,$unc$tie
168,$unc$tin
169,$unc$towel
170,$unc$tree
171,$unc$twelve
172,$unc$twenty
173,$unc$two
174,$unc$u
175,$unc$ucla
176,$unc$university
177,$unc$upset
178,$unc$walk
179,$unc$war
180,$unc$water
181,$unc$westwood
182,$unc$william
183,$unc$window
184,$unc$wisconsin
185,$unc$woman
186,$unc$womans
187,$unc$world
188,$unc$write
189,$unc$ya
190,$unc$york
191,a
192,ability
193,able
194,about
195,above
196,absentmindedly
197,absolutely
198,abstracted
199,accident
200,accidents
201,according
202,account
203,accountant
204,accounts
205,across
206,act
207,action
208,actions
209,active
210,activities
211,activity
212,actual
213,actually
214,add
215,addition
216,address
217,adhesions
218,administer
219,adult
220,advantage
221,affecting
222,afraid
223,african
224,after
225,afternoon
226,afterwards
227,again
228,against
229,age
230,aging
231,ago
232,ah
233,ahead
234,aid
235,aids
236,aint
237,air
238,airplane
239,ajar
240,aligned
241,alive
242,all
243,allowed
244,almost
245,along
246,alongside
247,aloud
248,already
249,alright
250,alrightie
251,also
252,although
253,always
254,alzheimers
255,am
256,amazed
257,amazing
258,american
259,amount
260,ample
261,an
262,and
263,angle
264,angles
265,angry
266,animal
267,animals
268,ankle
269,anklets
270,annual
271,another
272,answer
273,answered
274,answers
275,anxious
276,any
277,anybody
278,anybodys
279,anyhow
280,anymore
281,anyone
282,anything
283,anytime
284,anyway
285,anyways
286,anywhere
287,apart
288,apparent
289,apparently
290,appear
291,appearance
292,appeared
293,appearing
294,appears
295,appliances
296,appointment
297,appointments
298,appreciate
299,appropriate
300,appropriately
301,approximately
302,apron
303,aprons
304,are
305,area
306,arent
307,arguing
308,arm
309,arms
310,army
311,around
312,art
313,artist
314,as
315,ascendancy
316,aside
317,ask
318,asked
319,askew
320,asking
321,asks
322,asleep
323,assistant
324,assume
325,assumed
326,assuming
327,at
328,ate
329,atilt
330,attached
331,attempting
332,attention
333,attractive
334,attribute
335,auditory
336,automatically
337,automobile
338,average
339,aware
340,away
341,awesome
342,awful
343,awfully
344,b
345,baby
346,babys
347,back
348,background
349,backs
350,backside
351,backwards
352,backyard
353,bad
354,badly
355,bag
356,baggy
357,bake
358,balance
359,balanced
360,ball
361,bamboo
362,bang
363,bangs
364,bar
365,bare
366,barn
367,bars
368,barstool
369,base
370,basically
371,basics
372,basin
373,basis
374,bathroom
375,be
376,bear
377,beautiful
378,because
379,become
380,bed
381,bedroom
382,been
383,before
384,beg
385,begging
386,begin
387,beginning
388,behind
389,being
390,believe
391,below
392,bench
393,beneath
394,beneficial
395,benefit
396,benefited
397,benefits
398,bent
399,beside
400,besides
401,best
402,bet
403,better
404,between
405,beyond
406,big
407,bigger
408,biggest
409,bike
410,billowing
411,bird
412,birds
413,birthdays
414,bit
415,black
416,blah
417,blank
418,blew
419,blind
420,blond
421,blonde
422,blood
423,bloom
424,blooming
425,blouse
426,blowing
427,blue
428,blurry
429,board
430,boat
431,bob
432,bobbed
433,body
434,boiling
435,boing
436,book
437,books
438,boom
439,boots
440,border
441,born
442,both
443,bother
444,bothered
445,bottle
446,bottom
447,bought
448,bowl
449,bowls
450,box
451,boy
452,boys
453,brain
454,break
455,breakfast
456,breaks
457,breath
458,breeze
459,brick
460,bright
461,bring
462,bringing
463,broke
464,broken
465,brother
466,brothers
467,brought
468,brown
469,brush
470,bucket
471,buckle
472,building
473,built
474,bulletin
475,bump
476,bunch
477,burn
478,burning
479,bus
480,bushes
481,business
482,bust
483,busy
484,but
485,butt
486,butter
487,buy
488,by
489,bye
490,cabinet
491,cabinetry
492,cabinets
493,calamity
494,calendar
495,calendars
496,call
497,called
498,calling
499,calls
500,came
501,can
502,cancer
503,candy
504,cannot
505,canoe
506,cant
507,car
508,card
509,cards
510,care
511,careful
512,careless
513,carriage
514,carry
515,carrying
516,cartoon
517,cascading
518,case
519,casual
520,cat
521,catastrophe
522,catastrophes
523,catch
524,catching
525,cats
526,caught
527,cause
528,ceiling
529,cell
530,center
531,certain
532,certainly
533,chair
534,chairs
535,challenging
536,chance
537,change
538,changed
539,changes
540,changing
541,chaos
542,chaotic
543,cheat
544,cheated
545,cheating
546,check
547,checked
548,checking
549,cheerful
550,child
551,children
552,childrens
553,childs
554,chip
555,chocolate
556,choices
557,choose
558,church
559,cigarette
560,cinderella
561,cinderelly
562,circle
563,class
564,classes
565,clean
566,cleaned
567,cleaning
568,clear
569,clearly
570,climate
571,climb
572,climbed
573,climbing
574,clinic
575,clock
576,clogged
577,close
578,closed
579,closer
580,closet
581,closets
582,cloth
583,clothed
584,clothes
585,clothing
586,clutter
587,cluttered
588,coffee
589,cognition
590,cognitive
591,cold
592,collapse
593,collar
594,collared
595,college
596,colonial
597,color
598,colors
599,combed
600,come
601,comes
602,comfortable
603,coming
604,comment
605,common
606,community
607,company
608,comparatively
609,compare
610,compared
611,complete
612,completed
613,completely
614,computer
615,computers
616,concentrate
617,concentrating
618,concept
619,concerned
620,condition
621,connection
622,conscious
623,consider
624,considered
625,considering
626,constantly
627,contact
628,continually
629,continue
630,continues
631,continuing
632,cook
633,cookie
634,cookies
635,cooking
636,cool
637,copy
638,copyright
639,copyrighted
640,cord
641,corner
642,correct
643,correctly
644,correlation
645,could
646,couldnt
647,couldve
648,count
649,counter
650,counters
651,countertop
652,countertops
653,country
654,counts
655,couple
656,course
657,courses
658,court
659,cover
660,covered
661,covering
662,covers
663,crack
664,crash
665,crashing
666,crawled
667,crawling
668,crazy
669,cream
670,crew
671,cripe
672,critical
673,crocker
674,crooked
675,cross
676,crossbars
677,crossing
678,crying
679,cup
680,cupboard
681,cupboards
682,cups
683,current
684,curtain
685,curtained
686,curtains
687,curved
688,cut
689,cute
690,cuts
691,cyst
692,dad
693,dads
694,daily
695,damn
696,danger
697,dangerous
698,dangers
699,dark
700,darker
701,darn
702,data
703,date
704,daughter
705,daughters
706,day
707,daydreaming
708,daylight
709,days
710,daze
711,dead
712,deaf
713,deal
714,dear
715,decent
716,decide
717,decided
718,deciding
719,deeply
720,deficit
721,definitely
722,delicious
723,depends
724,describe
725,described
726,describing
727,description
728,descriptive
729,design
730,detail
731,detailed
732,details
733,determined
734,devil
735,diagonal
736,did
737,didnt
738,difference
739,different
740,difficult
741,difficulty
742,digging
743,digits
744,dinner
745,direction
746,directions
747,dirty
748,disaster
749,disasters
750,discovered
751,disease
752,dish
753,dishcloth
754,dishes
755,dishrag
756,dishtowel
757,dishwash
758,dishwasher
759,dishwashing
760,dishwater
761,distance
762,distract
763,distracted
764,divider
765,do
766,doctor
767,doctors
768,does
769,doesnt
770,dog
771,dogs
772,doing
773,doll
774,done
775,dont
776,door
777,doorknobs
778,doors
779,dots
780,double
781,doubt
782,down
783,downstairs
784,dozen
785,drain
786,draining
787,draperies
788,drapes
789,draw
790,drawer
791,drawers
792,drawing
793,drawn
794,draws
795,dreaming
796,dress
797,dressed
798,dresses
799,drew
800,dried
801,dries
802,drink
803,drinking
804,dripping
805,drive
806,drivers
807,driveway
808,driving
809,drop
810,dropped
811,dropping
812,drugs
813,dry
814,drying
815,dubuque
816,ducks
817,due
818,duh
819,dumb
820,dump
821,dumping
822,during
823,each
824,ear
825,earlier
826,early
827,ears
828,easier
829,east
830,easy
831,eat
832,eating
833,edge
834,education
835,effect
836,efficiently
837,effort
838,egging
839,eggs
840,eighties
841,either
842,eliminate
843,elongated
844,else
845,emergency
846,empty
847,encouraging
848,end
849,ended
850,ends
851,enjoyed
852,enjoying
853,enough
854,enters
855,entrance
856,enumerator
857,erase
858,especially
859,etch
860,even
861,evening
862,event
863,events
864,eventually
865,ever
866,every
867,everybody
868,everybodys
869,everyday
870,everyone
871,everyones
872,everything
873,everythings
874,everytime
875,everywhere
876,evidently
877,evil
878,exactly
879,example
880,excellent
881,except
882,exciting
883,excuse
884,exercise
885,experience
886,explain
887,expression
888,expressions
889,extended
890,extending
891,extension
892,extremely
893,eye
894,eyes
895,eyesight
896,fabric
897,face
898,faces
899,facial
900,facing
901,fact
902,fail
903,failed
904,fair
905,fairly
906,fall
907,fallen
908,falling
909,falls
910,familiar
911,family
912,familys
913,fancy
914,far
915,fashion
916,fast
917,faster
918,father
919,faucet
920,faucets
921,favorite
922,features
923,feeding
924,feel
925,feeling
926,feet
927,fell
928,fellow
929,female
930,fence
931,few
932,field
933,fifties
934,fight
935,fighting
936,figure
937,figured
938,filled
939,filling
940,finally
941,financial
942,find
943,finding
944,fine
945,finger
946,fingers
947,finish
948,finished
949,finishing
950,fire
951,fireworks
952,first
953,firstname
954,fit
955,fix
956,fixed
957,flat
958,flats
959,flexible
960,flies
961,flood
962,flooding
963,floor
964,floors
965,flower
966,flowers
967,flowing
968,fluency
969,flunking
970,fly
971,flying
972,folded
973,foliage
974,folks
975,follow
976,food
977,foot
978,footstool
979,for
980,force
981,forever
982,forget
983,forgetful
984,forgets
985,forgetting
986,forgot
987,forgotten
988,form
989,forth
990,forties
991,found
992,fountain
993,frame
994,framed
995,fresh
996,friend
997,friends
998,from
999,front
1000,frown
1001,frowning
1002,frustrated
1003,frustrating
1004,fry
1005,full
1006,fully
1007,fun
1008,funding
1009,funny
1010,furiously
1011,furniture
1012,further
1013,gal
1014,game
1015,games
1016,garage
1017,garden
1018,gardening
1019,gate
1020,gather
1021,gave
1022,gee
1023,general
1024,generally
1025,get
1026,gets
1027,getting
1028,giggling
1029,girl
1030,girlfriend
1031,girls
1032,give
1033,given
1034,gives
1035,giving
1036,glad
1037,glass
1038,glasses
1039,go
1040,god
1041,goes
1042,going
1043,gone
1044,gonna
1045,good
1046,goodbye
1047,goodness
1048,gosh
1049,got
1050,gotcha
1051,gotta
1052,gotten
1053,grab
1054,grabbing
1055,grade
1056,grades
1057,graduate
1058,graduated
1059,grandchildren
1060,granddaughter
1061,granddaughters
1062,grandkids
1063,grandmother
1064,grandson
1065,grass
1066,grasses
1067,great
1068,green
1069,grew
1070,grief
1071,groceries
1072,grocery
1073,ground
1074,group
1075,grow
1076,growing
1077,growth
1078,grumpy
1079,guardianship
1080,guess
1081,gun
1082,gushing
1083,gutters
1084,guy
1085,guys
1086,gynecologist
1087,h
1088,ha
1089,habit
1090,had
1091,hadnt
1092,hadta
1093,hafta
1094,hair
1095,haircut
1096,hairdo
1097,haired
1098,hairs
1099,hairstyle
1100,halcion
1101,half
1102,halfway
1103,hallway
1104,hand
1105,handed
1106,handful
1107,handing
1108,handle
1109,handles
1110,handling
1111,handout
1112,hands
1113,hang
1114,hanging
1115,happen
1116,happened
1117,happening
1118,happens
1119,happy
1120,hard
1121,harder
1122,hardest
1123,hardly
1124,has
1125,hasnt
1126,hasta
1127,hate
1128,have
1129,havent
1130,having
1131,haywire
1132,hazardous
1133,he
1134,head
1135,health
1136,healthy
1137,hear
1138,heard
1139,hearing
1140,hears
1141,heart
1142,heat
1143,heck
1144,hed
1145,hedge
1146,hedges
1147,heel
1148,heeled
1149,heels
1150,height
1151,held
1152,hell
1153,hello
1154,help
1155,helped
1156,helping
1157,helps
1158,her
1159,here
1160,heres
1161,hers
1162,herself
1163,hes
1164,hey
1165,hidden
1166,hiding
1167,high
1168,highchair
1169,higher
1170,highest
1171,highlights
1172,hill
1173,him
1174,himself
1175,hint
1176,his
1177,history
1178,hit
1179,hits
1180,hitting
1181,hm
1182,hmhunh
1183,hmm
1184,ho
1185,hold
1186,holding
1187,hole
1188,home
1189,homemaker
1190,honest
1191,honestly
1192,hope
1193,hopefully
1194,hoping
1195,horse
1196,horses
1197,hospital
1198,hot
1199,hour
1200,hours
1201,house
1202,housedress
1203,household
1204,housekeeper
1205,houses
1206,housewife
1207,housework
1208,how
1209,howd
1210,however
1211,hows
1212,huh
1213,hundreds
1214,hungarian
1215,hungary
1216,hungry
1217,hurry
1218,hurt
1219,hurting
1220,husband
1221,i
1222,ice
1223,id
1224,idea
1225,identify
1226,if
1227,ignoring
1228,ill
1229,im
1230,imagine
1231,immediately
1232,impending
1233,important
1234,impression
1235,in
1236,inattentive
1237,include
1238,including
1239,index
1240,indicate
1241,indicated
1242,indicates
1243,indicating
1244,indication
1245,individual
1246,information
1247,injury
1248,inside
1249,instance
1250,instead
1251,institute
1252,instructions
1253,insurance
1254,intended
1255,interest
1256,interested
1257,interesting
1258,interests
1259,interference
1260,interpret
1261,interpretation
1262,interrupt
1263,interrupted
1264,interview
1265,interviewer
1266,interviews
1267,into
1268,involved
1269,iq
1270,ironic
1271,irritated
1272,is
1273,isnt
1274,issues
1275,it
1276,itd
1277,item
1278,items
1279,itll
1280,its
1281,itself
1282,ive
1283,jacks
1284,jam
1285,janes
1286,janet
1287,jar
1288,jars
1289,jelly
1290,jerk
1291,jewelry
1292,jill
1293,job
1294,jobs
1295,johnny
1296,johnnys
1297,joined
1298,joint
1299,jump
1300,jumper
1301,jumping
1302,jumps
1303,juniors
1304,just
1305,k
1306,keep
1307,keeping
1308,keeps
1309,kept
1310,key
1311,keyboard
1312,kicked
1313,kid
1314,kidding
1315,kids
1316,kill
1317,kind
1318,kinda
1319,kindle
1320,kinds
1321,kitchen
1322,kitchens
1323,knees
1324,knew
1325,knobs
1326,knock
1327,knocked
1328,know
1329,knowledge
1330,knows
1331,label
1332,labeled
1333,laboratory
1334,lad
1335,ladder
1336,ladders
1337,ladies
1338,lady
1339,ladys
1340,laid
1341,lake
1342,lancaster
1343,land
1344,landed
1345,landscape
1346,landscaping
1347,lane
1348,language
1349,lap
1350,large
1351,larger
1352,last
1353,latches
1354,late
1355,later
1356,lattice
1357,latticework
1358,laugh
1359,laughing
1360,lawn
1361,lay
1362,laying
1363,leading
1364,leads
1365,leak
1366,leaking
1367,leaning
1368,learn
1369,learned
1370,least
1371,leave
1372,leaves
1373,leaving
1374,lee
1375,left
1376,leg
1377,legged
1378,legs
1379,length
1380,less
1381,let
1382,lets
1383,letter
1384,letters
1385,letting
1386,level
1387,levels
1388,license
1389,lid
1390,lids
1391,lie
1392,life
1393,light
1394,lighter
1395,like
1396,liked
1397,likely
1398,likes
1399,limit
1400,line
1401,lined
1402,lines
1403,linoleum
1404,lip
1405,lips
1406,listen
1407,listening
1408,little
1409,live
1410,lived
1411,lives
1412,living
1413,located
1414,logic
1415,long
1416,longer
1417,longish
1418,longitudinal
1419,look
1420,looked
1421,looking
1422,looks
1423,loose
1424,lose
1425,losing
1426,lost
1427,lot
1428,lots
1429,loud
1430,lousy
1431,love
1432,lovely
1433,low
1434,lower
1435,lowest
1436,lucky
1437,lunch
1438,lying
1439,m
1440,ma
1441,machine
1442,mad
1443,made
1444,madison
1445,magnetic
1446,maids
1447,mail
1448,main
1449,major
1450,make
1451,maker
1452,makes
1453,making
1454,malcolm
1455,male
1456,mama
1457,mamas
1458,mammogram
1459,man
1460,managed
1461,manager
1462,manicured
1463,manner
1464,mans
1465,many
1466,marianne
1467,mark
1468,market
1469,married
1470,mary
1471,mason
1472,mastered
1473,match
1474,math
1475,matter
1476,may
1477,maybe
1478,me
1479,meal
1480,mean
1481,meaning
1482,means
1483,meant
1484,meantime
1485,meanwhile
1486,measure
1487,measurements
1488,measuring
1489,medical
1490,medications
1491,medium
1492,meet
1493,members
1494,memorize
1495,memory
1496,men
1497,mental
1498,mention
1499,mentioned
1500,mess
1501,message
1502,messed
1503,met
1504,mhm
1505,mice
1506,microphone
1507,middle
1508,might
1509,mightve
1510,mile
1511,mind
1512,minds
1513,mine
1514,mini
1515,minute
1516,minutes
1517,mirror
1518,misbehaving
1519,mischievous
1520,miss
1521,missed
1522,missing
1523,missus
1524,mistakes
1525,mixed
1526,mkay
1527,mm
1528,mmm
1529,modern
1530,mom
1531,moment
1532,mommy
1533,moms
1534,money
1535,month
1536,monthly
1537,months
1538,mop
1539,more
1540,morning
1541,most
1542,mostly
1543,mother
1544,mothers
1545,motion
1546,motioning
1547,mountain
1548,mouse
1549,mouth
1550,move
1551,moved
1552,movement
1553,moving
1554,mowed
1555,much
1556,muffins
1557,must
1558,mustve
1559,my
1560,myself
1561,name
1562,named
1563,names
1564,nap
1565,naturally
1566,near
1567,neat
1568,neatly
1569,necessarily
1570,neck
1571,necklace
1572,need
1573,needed
1574,needs
1575,needta
1576,neighbor
1577,neighbors
1578,neither
1579,nerves
1580,nervous
1581,never
1582,new
1583,newspapers
1584,next
1585,nice
1586,nicely
1587,nickname
1588,night
1589,no
1590,nobody
1591,noise
1592,noises
1593,none
1594,nope
1595,nor
1596,normal
1597,nose
1598,not
1599,note
1600,nothing
1601,notice
1602,noticeable
1603,noticed
1604,noticing
1605,now
1606,nowadays
1607,number
1608,numbers
1609,nurse
1610,nut
1611,nuts
1612,nylons
1613,object
1614,objects
1615,oblivious
1616,observant
1617,observation
1618,observe
1619,observed
1620,observing
1621,obvious
1622,obviously
1623,occured
1624,occurring
1625,ocean
1626,odd
1627,of
1628,off
1629,offering
1630,office
1631,often
1632,oh
1633,okay
1634,old
1635,older
1636,oldest
1637,on
1638,once
1639,one
1640,ones
1641,only
1642,onto
1643,ooh
1644,oops
1645,open
1646,opened
1647,openings
1648,opens
1649,opportunities
1650,opposed
1651,opposite
1652,or
1653,order
1654,ordinary
1655,organized
1656,other
1657,others
1658,otherwise
1659,ought
1660,oughta
1661,our
1662,ours
1663,out
1664,outdoor
1665,outdoors
1666,outfit
1667,outlook
1668,outside
1669,outstretched
1670,outta
1671,ovarian
1672,ovary
1673,oven
1674,over
1675,overall
1676,overboard
1677,overfilled
1678,overfilling
1679,overflow
1680,overflowed
1681,overflowing
1682,overflown
1683,overflows
1684,overlooking
1685,overrun
1686,overrunning
1687,own
1688,oy
1689,p
1690,pad
1691,page
1692,pageboy
1693,pages
1694,paid
1695,pain
1696,pair
1697,pan
1698,pane
1699,paned
1700,panel
1701,panes
1702,pans
1703,pantry
1704,pants
1705,paper
1706,pardon
1707,park
1708,parking
1709,part
1710,parted
1711,partial
1712,participate
1713,particular
1714,parts
1715,pass
1716,passed
1717,passing
1718,past
1719,path
1720,pathway
1721,patient
1722,pattern
1723,pay
1724,paying
1725,peaceful
1726,peanut
1727,pen
1728,pencil
1729,people
1730,peoples
1731,percent
1732,perfect
1733,perhaps
1734,period
1735,person
1736,personal
1737,persons
1738,perspective
1739,phenomenal
1740,phone
1741,photo
1742,physical
1743,pick
1744,picked
1745,picking
1746,picture
1747,pictures
1748,piece
1749,pieces
1750,pile
1751,pipe
1752,pitt
1753,place
1754,places
1755,plain
1756,plant
1757,planted
1758,planter
1759,plantings
1760,plants
1761,plate
1762,plates
1763,play
1764,played
1765,playing
1766,pleasant
1767,please
1768,pleased
1769,plug
1770,plugged
1771,plumbing
1772,plus
1773,point
1774,pointed
1775,pointing
1776,pokeno
1777,policy
1778,polo
1779,poofy
1780,pool
1781,poor
1782,popular
1783,portion
1784,position
1785,positive
1786,possible
1787,possibly
1788,potential
1789,pots
1790,poufy
1791,pouring
1792,practically
1793,practice
1794,practiced
1795,precarious
1796,precariously
1797,pregnant
1798,preoccupied
1799,present
1800,pressure
1801,presumably
1802,presume
1803,pretending
1804,pretty
1805,priest
1806,principal
1807,probably
1808,problem
1809,problems
1810,process
1811,processing
1812,produce
1813,product
1814,professional
1815,professor
1816,program
1817,project
1818,promise
1819,proper
1820,properly
1821,property
1822,proportion
1823,psychology
1824,pudding
1825,puddle
1826,puffed
1827,puffy
1828,pull
1829,pulled
1830,pulling
1831,pullover
1832,pulls
1833,pumps
1834,purpose
1835,purse
1836,push
1837,pushed
1838,pushing
1839,put
1840,putting
1841,puzzles
1842,quarter
1843,question
1844,questions
1845,quick
1846,quickly
1847,quiet
1848,quit
1849,quite
1850,rag
1851,raiding
1852,railroads
1853,rain
1854,raining
1855,raised
1856,raising
1857,ran
1858,random
1859,rang
1860,rare
1861,rather
1862,reach
1863,reaches
1864,reaching
1865,reacting
1866,read
1867,reading
1868,ready
1869,real
1870,realize
1871,realized
1872,realizing
1873,really
1874,rear
1875,reason
1876,reasonably
1877,receive
1878,receiving
1879,recently
1880,recessed
1881,recognize
1882,record
1883,recorded
1884,recorder
1885,recording
1886,red
1887,refer
1888,reflection
1889,regards
1890,regular
1891,relate
1892,related
1893,relatively
1894,remarkable
1895,remember
1896,remembered
1897,remembering
1898,remind
1899,reminds
1900,removed
1901,removing
1902,repeat
1903,report
1904,research
1905,researchers
1906,response
1907,responses
1908,rest
1909,result
1910,results
1911,retired
1912,review
1913,rewired
1914,richard
1915,rickrack
1916,rid
1917,riding
1918,right
1919,righty
1920,road
1921,robbing
1922,rod
1923,roll
1924,rolled
1925,rolling
1926,roof
1927,roofline
1928,rooftop
1929,room
1930,rough
1931,round
1932,row
1933,ruffle
1934,ruffled
1935,ruffles
1936,rug
1937,run
1938,running
1939,runs
1940,rural
1941,rush
1942,s
1943,sad
1944,safe
1945,safety
1946,saggy
1947,said
1948,sakes
1949,same
1950,sandals
1951,sandwich
1952,sash
1953,sashes
1954,sat
1955,saucer
1956,saucers
1957,save
1958,saw
1959,say
1960,saying
1961,says
1962,scale
1963,scallops
1964,scared
1965,scary
1966,scene
1967,scenery
1968,school
1969,schools
1970,scowl
1971,scowling
1972,scrabble
1973,scrap
1974,screaming
1975,screen
1976,screwed
1977,season
1978,seat
1979,second
1980,seconds
1981,secret
1982,secretary
1983,section
1984,security
1985,see
1986,seeing
1987,seem
1988,seemingly
1989,seems
1990,seen
1991,sees
1992,self
1993,sell
1994,semantic
1995,send
1996,senile
1997,sense
1998,sent
1999,sentence
2000,series
2001,serious
2002,session
2003,set
2004,sets
2005,setting
2006,seventies
2007,several
2008,sewing
2009,sh
2010,shade
2011,shades
2012,shaking
2013,shall
2014,shape
2015,shaped
2016,share
2017,sharing
2018,she
2019,shed
2020,sheet
2021,shelf
2022,shell
2023,shelves
2024,shes
2025,shh
2026,shining
2027,shipped
2028,shirt
2029,shirts
2030,shoe
2031,shoes
2032,shopping
2033,short
2034,shorter
2035,shortly
2036,shorts
2037,shot
2038,should
2039,shoulder
2040,shouldnt
2041,shouldve
2042,show
2043,showed
2044,showing
2045,shows
2046,shrub
2047,shrubberies
2048,shrubbery
2049,shrubs
2050,shush
2051,shushing
2052,shut
2053,shutting
2054,shy
2055,sibling
2056,siblings
2057,side
2058,sides
2059,sidewalk
2060,sidewalks
2061,sight
2062,sign
2063,signal
2064,signaling
2065,significant
2066,silence
2067,silencing
2068,silent
2069,silly
2070,silver
2071,similar
2072,simple
2073,simply
2074,since
2075,single
2076,sink
2077,sinks
2078,sir
2079,sissy
2080,sister
2081,sisters
2082,sit
2083,sitting
2084,situation
2085,situations
2086,sixth
2087,sixties
2088,size
2089,sized
2090,skirt
2091,skirts
2092,sky
2093,slacks
2094,slanted
2095,slanting
2096,sleep
2097,sleeping
2098,sleeve
2099,sleeved
2100,sleeveless
2101,sleeves
2102,slender
2103,slide
2104,slight
2105,slightly
2106,slip
2107,slipped
2108,slipper
2109,slippers
2110,slippery
2111,slipping
2112,slopping
2113,sloppy
2114,slow
2115,slower
2116,small
2117,smaller
2118,smart
2119,smarter
2120,smile
2121,smiling
2122,smoking
2123,sneak
2124,sneakers
2125,sneaking
2126,snitch
2127,snitching
2128,snow
2129,so
2130,social
2131,sociology
2132,sock
2133,socks
2134,soda
2135,software
2136,some
2137,somebody
2138,somebodys
2139,somehow
2140,someone
2141,someones
2142,someplace
2143,something
2144,somethings
2145,sometimes
2146,somewhat
2147,somewhere
2148,son
2149,sons
2150,soon
2151,sorry
2152,sort
2153,sorta
2154,sorts
2155,sounded
2156,sounds
2157,space
2158,spaced
2159,speak
2160,speaking
2161,special
2162,specialty
2163,specific
2164,specifically
2165,speech
2166,spell
2167,spelling
2168,spent
2169,spigot
2170,spigots
2171,spill
2172,spilled
2173,spilling
2174,spills
2175,spilt
2176,splash
2177,splashed
2178,splashes
2179,splashing
2180,split
2181,sposta
2182,spout
2183,spread
2184,spring
2185,square
2186,squares
2187,ssh
2188,stage
2189,stand
2190,standard
2191,standing
2192,staring
2193,start
2194,started
2195,starting
2196,starts
2197,state
2198,stay
2199,stayed
2200,stays
2201,steady
2202,steal
2203,stealing
2204,step
2205,stepladder
2206,stepped
2207,stepping
2208,steps
2209,stepstool
2210,stick
2211,sticking
2212,sticks
2213,still
2214,stockings
2215,stole
2216,stolen
2217,stood
2218,stool
2219,stools
2220,stop
2221,stopped
2222,storage
2223,store
2224,story
2225,stove
2226,straight
2227,strange
2228,strap
2229,strapped
2230,straps
2231,strategies
2232,strategy
2233,street
2234,strength
2235,stressed
2236,stretched
2237,string
2238,stroke
2239,strong
2240,struggle
2241,stuck
2242,students
2243,studies
2244,study
2245,stuff
2246,stupid
2247,style
2248,suburban
2249,suburbs
2250,successful
2251,such
2252,sudden
2253,sudoku
2254,suds
2255,suduko
2256,summer
2257,summertime
2258,sun
2259,sunny
2260,suppose
2261,supposed
2262,supposedly
2263,sure
2264,surprised
2265,survey
2266,suspect
2267,swag
2268,sweater
2269,swiping
2270,switch
2271,switched
2272,swung
2273,table
2274,tablet
2275,tad
2276,take
2277,taken
2278,takes
2279,taking
2280,talk
2281,talked
2282,talking
2283,tall
2284,tap
2285,tape
2286,task
2287,taught
2288,tea
2289,teach
2290,teacher
2291,teaching
2292,teacups
2293,teasing
2294,technique
2295,telephone
2296,tell
2297,telling
2298,tells
2299,tennis
2300,terrible
2301,terrific
2302,test
2303,testing
2304,tests
2305,than
2306,thank
2307,thanks
2308,that
2309,thatd
2310,thatll
2311,thats
2312,the
2313,theft
2314,their
2315,them
2316,themselves
2317,then
2318,there
2319,therefore
2320,theres
2321,these
2322,they
2323,theyd
2324,theyll
2325,theyre
2326,theyve
2327,thicker
2328,thieves
2329,thing
2330,things
2331,think
2332,thinking
2333,thinks
2334,third
2335,thirties
2336,this
2337,thorough
2338,those
2339,though
2340,thought
2341,throat
2342,through
2343,throw
2344,throwing
2345,tidy
2346,tie
2347,tieback
2348,tiebacks
2349,tied
2350,ties
2351,til
2352,tilt
2353,tilted
2354,tilting
2355,time
2356,timed
2357,timeframe
2358,timer
2359,timers
2360,times
2361,timing
2362,tiny
2363,tip
2364,tipped
2365,tipping
2366,tippy
2367,tips
2368,tired
2369,to
2370,today
2371,toe
2372,together
2373,toilet
2374,told
2375,tonight
2376,too
2377,took
2378,tool
2379,top
2380,topple
2381,toppling
2382,tops
2383,total
2384,totally
2385,touch
2386,touching
2387,tough
2388,toward
2389,towards
2390,towel
2391,towels
2392,town
2393,toying
2394,track
2395,tracks
2396,trade
2397,train
2398,trained
2399,training
2400,transfer
2401,transportation
2402,traveled
2403,treatment
2404,tree
2405,trees
2406,trellis
2407,triangle
2408,tricky
2409,tried
2410,tries
2411,trimmed
2412,trip
2413,tripping
2414,trivia
2415,trouble
2416,troubleshooting
2417,true
2418,trunk
2419,try
2420,trying
2421,tumble
2422,tumbling
2423,turkey
2424,turn
2425,turned
2426,turning
2427,tv
2428,twice
2429,twisted
2430,twists
2431,type
2432,types
2433,typical
2434,typing
2435,ugh
2436,uh
2437,uhhuh
2438,uhuh
2439,ultimately
2440,um
2441,unaware
2442,uncluttered
2443,unconcerned
2444,under
2445,underneath
2446,understand
2447,understanding
2448,understood
2449,unhappy
2450,unless
2451,unsafe
2452,unstable
2453,until
2454,unusual
2455,up
2456,upon
2457,upper
2458,upset
2459,upsetting
2460,upside
2461,upstairs
2462,upward
2463,us
2464,use
2465,used
2466,useta
2467,using
2468,usual
2469,usually
2470,utensils
2471,uti
2472,valance
2473,variables
2474,variety
2475,various
2476,venture
2477,verbalize
2478,verbatim
2479,vertical
2480,very
2481,view
2482,violet
2483,visible
2484,vision
2485,visited
2486,visual
2487,volunteer
2488,wait
2489,waiting
2490,walk
2491,walked
2492,walking
2493,walks
2494,walkway
2495,wall
2496,wallet
2497,walls
2498,wanna
2499,want
2500,wanted
2501,wanting
2502,wants
2503,war
2504,warm
2505,warmer
2506,was
2507,wash
2508,washcloth
2509,washed
2510,washer
2511,washes
2512,washing
2513,wasnt
2514,watch
2515,watched
2516,watching
2517,water
2518,waters
2519,waving
2520,wavy
2521,way
2522,ways
2523,we
2524,wear
2525,wearing
2526,wears
2527,weather
2528,wed
2529,wee
2530,weeded
2531,weeds
2532,week
2533,weeks
2534,weight
2535,weird
2536,welcome
2537,well
2538,went
2539,were
2540,werent
2541,wet
2542,weve
2543,whacked
2544,whacking
2545,whacky
2546,what
2547,whatchamacallit
2548,whatd
2549,whatever
2550,whats
2551,when
2552,whenever
2553,where
2554,whereabouts
2555,whereas
2556,wheres
2557,wherever
2558,whether
2559,whew
2560,which
2561,whichever
2562,while
2563,whisper
2564,whispering
2565,white
2566,whittler
2567,who
2568,whoa
2569,whoever
2570,whoevers
2571,whole
2572,whoops
2573,whos
2574,whose
2575,why
2576,wide
2577,wife
2578,wifes
2579,will
2580,wind
2581,winding
2582,window
2583,windowpane
2584,windowpanes
2585,windows
2586,winds
2587,windy
2588,wing
2589,winter
2590,wipe
2591,wiped
2592,wipes
2593,wiping
2594,wish
2595,with
2596,without
2597,woman
2598,womans
2599,women
2600,wonder
2601,wonderful
2602,wondering
2603,wont
2604,wood
2605,word
2606,words
2607,work
2608,worked
2609,working
2610,works
2611,world
2612,worried
2613,worries
2614,worry
2615,worrying
2616,worse
2617,worst
2618,worthwhile
2619,would
2620,wouldnt
2621,wouldve
2622,wow
2623,wrinkled
2624,wrinkles
2625,wrinkly
2626,write
2627,writing
2628,written
2629,wrong
2630,www
2631,ya
2632,yard
2633,yards
2634,yeah
2635,year
2636,years
2637,yelling
2638,yep
2639,yes
2640,yesterday
2641,yet
2642,you
2643,youd
2644,youll
2645,young
2646,younger
2647,youngster
2648,youngsters
2649,your
2650,youre
2651,yours
2652,yourself
2653,youve
2654,yup
2655,zero
2656,<unk>